folderpath,imagecount,URL
data/1,1,https://www.ndtv.com/india-news/on-actor-rakulpreets-plea-linked-to-rhea-chakraborty-drug-case-court-notice-to-centre-2296815#News_Trendinghttps://www.ndtv.com/world-news/elon-musk-went-straight-for-mars-tesla-chiefs-go-it-alone-strategy-2296738
data/2,1,https://www.ndtv.com/tamil/on-actor-rakulpreets-plea-linked-to-rhea-chakraborty-drug-case-court-notice-to-centre-2296894
data/3,0,https://www.ndtv.com/india-news/no-actionable-inputs-to-show-drug-film-industry-nexus-government-2295896
data/4,1,https://www.ndtv.com/india-news/on-actor-rakulpreets-plea-linked-to-rhea-chakraborty-drug-case-court-notice-to-centre-2296815#News_Trending
data/5,1,https://www.ndtv.com/world-news/alarming-rates-of-transmission-of-virus-in-europe-who-2296958#News_Trending
data/6,1,https://www.ndtv.com/india-news/harsimrat-kaur-badal-of-bjp-ally-akali-dal-to-resign-as-union-minister-over-governments-farm-ordinances-2297096#News_Trending
data/7,0,https://www.ndtv.com/india-news/rajnath-singh-to-parliament-on-ladakh-stand-off-no-power-on-earth-can-stop-the-indian-army-from-patrolling-2296818#ndtv_nextstory
data/8,1,https://www.ndtv.com/india-news/pm-modis-70th-birthday-kangana-ranaut-virat-kohli-anupam-kher-lead-celebrities-in-wishing-pm-modi-2296792#ndtv_prevstory
data/9,1,https://www.ndtv.com/kerala-news/covid-19-sales-of-flowers-fall-amid-onam-in-kerala-2287625
data/10,1,https://www.ndtv.com/india-news/pm-narendra-modi-birthday-seva-saptah-live-updates-president-ram-nath-kovind-ministers-wish-pm-2296680
data/11,1,https://www.ndtv.com/india-news/parliament-monsoon-session-live-updates-rajnath-singh-expected-to-make-statement-on-india-china-tensions-in-rajya-sabha-2296653
data/12,2,https://www.ndtv.com/opinion/hai-bollywood-jaya-bachchan-kangana-and-more-shobhaa-de-2296150
data/13,1,https://www.ndtv.com/india-news/coronavirus-india-live-updates-union-minister-nitin-gadkari-tests-coronavirus-positive-2296641
data/14,1,https://www.ndtv.com/india-news/pm-modi-birthday-rahul-gandhi-wishes-pm-modi-on-70th-birthday-2296652
data/15,1,https://www.ndtv.com/world-news/kamala-harris-goes-viral-for-her-shoe-choice-2292594
data/16,0,https://www.ndtv.com/delhi-news/former-jnu-student-umar-khalid-arrested-in-delhi-riots-case-2294860
data/17,0,https://www.ndtv.com/india-news/pm-narendra-modi-on-monsoon-session-hope-parliament-will-unitedly-send-message-that-the-nation-stands-behind-our-soldiers-2294899
data/18,1,https://www.ndtv.com/business/bse-sensex-nse-nifty-live-covid-19-updates-sensex-nifty-open-flat-tracking-lacklustre-asian-markets-2281067
data/19,1,https://www.ndtv.com/world-news/coronavirus-vaccine-safety-top-priority-says-who-as-astrazeneca-pauses-study-2292756
data/20,1,https://www.ndtv.com/india-news/but-priyanka-gandhi-vadras-interview-is-a-year-old-says-congress-2281921
data/21,0,https://www.ndtv.com/india-news/uttar-pradesh-special-security-force-can-search-arrest-without-warrant-says-yogi-adityanath-government-2294900
data/22,3,https://www.ndtv.com/opinion/justice-for-sushant-far-from-and-this-is-why-2292872
data/23,1,https://www.ndtv.com/world-news/donald-trump-confirms-white-house-staff-member-testing-coronavirus-positive-2296702
data/24,1,https://www.ndtv.com/india-news/decision-on-foreign-funds-for-golden-temple-sri-harmandir-sahib-path-breaking-home-minister-amit-shah-2293521
data/25,1,https://www.ndtv.com/india-news/i-never-said-sushant-rajput-was-murdered-ankita-lokhande-2293093
data/26,3,https://www.ndtv.com/india-news/happy-vishwakarma-puja-2020-know-about-lord-vishwakarma-puja-muhurat-wishes-and-images-2296105
data/27,0,https://www.ndtv.com/india-news/hema-malini-on-drugs-row-cant-take-it-when-they-ridicule-our-film-industry-2296062?pfrom=home-topscroll
data/28,0,https://www.ndtv.com/india-news/security-provided-outside-amitabh-bachchans-home-as-precaution-after-jaya-bachchans-parliament-remarks-on-drugs-row-2296189
data/29,1,https://www.ndtv.com/india-news/harsimrat-kaur-badal-of-bjp-ally-akali-dal-to-resign-as-union-minister-over-governments-farm-ordinances-2297096
data/30,1,https://www.ndtv.com/india-news/army-chief-general-mm-naravane-reviews-security-situation-in-srinagar-to-visit-forward-locations-2297095
data/31,1,https://www.ndtv.com/world-news/former-model-accuses-donald-trump-of-sexually-assaulting-her-in-1997-2297091
data/32,1,https://www.ndtv.com/india-news/centre-conducted-surgical-strike-on-farmers-by-banning-onion-export-ncps-mahesh-tapase-2297085
data/33,1,https://www.ndtv.com/entertainment/will-you-be-my-girlfriend-asks-anand-ahuja-in-his-appreciation-post-for-sonam-her-reply-2297084
data/34,1,https://www.ndtv.com/india-news/on-actor-rakulpreets-plea-linked-to-rhea-chakraborty-drug-case-court-notice-to-centre-2296815
data/35,1,https://www.ndtv.com/tamil/tn-coronavirus-district-wise-detailed-report-on-september-17-2020-2297062#News_Trending
data/36,1,https://www.ndtv.com/tamil/coronavirus-count-cross-5-25-laksh-in-tamilnadu-5-560-people-affected-today-2297055#News_Trending
data/37,1,https://www.ndtv.com/tamil/hate-should-not-be-sown-in-the-name-of-caste-religious-purity-thol-thirumavalavan-2297052#News_Trending
data/38,0,https://www.ndtv.com/tamil/rajnath-singh-to-parliament-on-ladakh-stand-off-no-power-on-earth-can-stop-the-indian-army-from-patrolling-2296857#ndtv_nextstory
data/39,1,https://www.ndtv.com/tamil/coronavirus-record-97-894-fresh-covid-19-cases-in-india-total-cases-cross-51-lakh-83-198-deaths-2296697#ndtv_prevstory
data/40,1,https://www.ndtv.com/telangana-news/telugu-film-producer-ashok-reddy-arrested-after-tv-actor-kondapalli-sravanis-death-by-suicide-at-hyderabad-home-2296837#News_Trending
data/41,2,https://www.ndtv.com/india-news/world-ozone-day-2020-ozone-facts-slogan-significance-and-history-2295920#ndtv_nextstory
data/42,1,https://www.ndtv.com/india-news/harsimrat-kaur-badal-of-bjp-ally-akali-dal-to-resign-as-union-minister-over-governments-farm-ordinances-2297096#ndtv_prevstory
data/43,1,https://www.ndtv.com/world-news/former-model-accuses-donald-trump-of-sexually-assaulting-her-in-1997-2297091#ndtv_nextstory
data/44,1,https://www.ndtv.com/world-news/china-says-it-strongly-opposes-us-top-diplomats-visit-to-taiwan-2296891#ndtv_prevstory
data/45,1,https://www.ndtv.com/india-news/akalis-to-vote-against-farm-bills-agree-to-disagree-with-ally-bjp-sources-2296993#ndtv_related
data/46,1,https://www.ndtv.com/india-news/break-ties-with-bjp-if-concerned-for-farmers-punjab-minister-balbir-singh-sidhu-to-akalis-2296566#ndtv_related
data/47,1,https://www.ndtv.com/india-news/sukhbir-badal-says-farmers-interest-supreme-sad-will-vote-against-new-bills-listed-by-centre-2296418#ndtv_related
data/48,1,https://www.ndtv.com/india-news/army-chief-general-mm-naravane-reviews-security-situation-in-srinagar-to-visit-forward-locations-2297095#ndtv_prevstory
data/49,0,https://www.ndtv.com/tamil/rajnath-singh-to-parliament-on-ladakh-stand-off-no-power-on-earth-can-stop-the-indian-army-from-patrolling-2296857
data/50,0,https://www.ndtv.com/india-news/health-minister-harsh-vardhan-holds-out-hope-for-covid-vaccine-by-next-year-2296908#ndtv_related
data/51,1,https://www.ndtv.com/india-news/india-closely-engaged-with-us-administration-on-h-1b-visa-issues-says-v-muraleedharan-2296899#ndtv_related
data/52,1,https://www.ndtv.com/india-news/arvind-kejriwal-says-new-farm-sector-bills-anti-farmer-aap-will-oppose-in-parliament-2296770#ndtv_related
data/53,1,https://www.ndtv.com/india-news/prime-minister-narendra-modi-thanks-bhutan-prime-minister-lotay-tshering-for-birthday-wishes-2296847#ndtv_nextstory
data/54,1,https://www.ndtv.com/india-news/on-actor-rakulpreets-plea-linked-to-rhea-chakraborty-drug-case-court-notice-to-centre-2296815#ndtv_prevstory
data/55,1,https://www.ndtv.com/india-news/on-actor-rakulpreets-plea-linked-to-rhea-chakraborty-drug-case-court-notice-to-centre-2296815#ndtv_nextstory
data/56,1,https://www.ndtv.com/india-news/arvind-kejriwal-says-new-farm-sector-bills-anti-farmer-aap-will-oppose-in-parliament-2296770#ndtv_prevstory
data/57,9,https://www.ndtv.com/india-news/happy-onam-2020-images-quotes-greetings-wishes-photos-whatsapp-status-and-celebrations-2287890
data/58,0,https://www.ndtv.com/kerala-news/kerala-man-dies-by-suicide-was-jobless-despite-top-exam-rank-family-2287748#ndtv_nextstory
data/59,1,https://www.ndtv.com/kerala-news/kerala-anti-terror-squad-to-probe-kochi-parlour-shootout-involving-ravi-pujari-2286974#ndtv_prevstory
data/60,1,https://www.ndtv.com/india-news/pm-narendra-modi-birthday-arvind-kejriwal-wishes-pm-as-he-turns-70-a-very-happy-birthday-sir-2296666?pfrom=home-topstories
data/61,1,https://www.ndtv.com/india-news/germanys-angela-merkel-russias-vladimir-putin-lead-world-leaders-in-wishing-pm-modi-on-his-birthday-2296726?pfrom=nav_storyicon_link
data/62,0,https://www.ndtv.com/india-news/coronavirus-record-97-894-fresh-covid-19-cases-in-india-total-cases-cross-51-lakh-83-198-deaths-2296687#ndtv_nextstory
data/63,1,https://www.ndtv.com/india-news/parliament-monsoon-session-live-updates-rajnath-singh-expected-to-make-statement-on-india-china-tensions-in-rajya-sabha-2296653#ndtv_prevstory
data/64,1,https://www.ndtv.com/india-news/pm-narendra-modi-birthday-seva-saptah-live-updates-president-ram-nath-kovind-ministers-wish-pm-2296680#ndtv_nextstory
data/65,1,https://www.ndtv.com/india-news/pm-narendra-modi-birthday-arvind-kejriwal-wishes-pm-as-he-turns-70-a-very-happy-birthday-sir-2296666#ndtv_prevstory
data/66,0,https://www.ndtv.com/opinion/time-running-out-for-financial-package-for-india-2206224#ndtv_nextstory
data/67,0,https://www.ndtv.com/opinion/why-india-needs-many-foreign-language-universities-2295609#ndtv_prevstory
data/68,0,https://www.ndtv.com/india-news/union-minister-nitin-gadkari-tests-coronavirus-positive-isolates-himself-2296551
data/69,0,https://www.ndtv.com/india-news/coronavirus-record-97-894-fresh-covid-19-cases-in-india-total-cases-cross-51-lakh-83-198-deaths-2296687
data/70,1,https://www.ndtv.com/india-news/india-china-border-face-off-ties-with-neighbours-including-china-deteriorated-minister-says-no-2296645#ndtv_nextstory
data/71,1,https://www.ndtv.com/india-news/uddhav-thackeray-seeks-cooperation-from-all-parties-over-maratha-quota-2296637#ndtv_prevstory
data/72,1,https://www.ndtv.com/india-news/pm-narendra-modi-birthday-rahul-gandhi-wishes-pm-happiness-always-sticks-to-birthday-tradition-2102310
data/73,1,https://www.ndtv.com/india-news/noted-ex-cop-flags-role-of-bjp-stalwarts-in-2nd-letter-on-delhi-riots-2296649#ndtv_nextstory
data/74,1,https://www.ndtv.com/india-news/india-china-border-face-off-ties-with-neighbours-including-china-deteriorated-minister-says-no-2296645#ndtv_prevstory
data/75,1,https://www.ndtv.com/world-news/us-police-shoot-autistic-boy-linden-cameron-after-his-mother-called-for-help-2292597#ndtv_nextstory
data/76,1,https://www.ndtv.com/world-news/donald-trump-to-host-israel-uae-deal-signing-ceremony-on-september-15-2292580#ndtv_prevstory
data/77,1,https://www.ndtv.com/delhi-news/investigating-role-of-all-who-took-part-in-delhi-riots-police-2294861
data/78,1,https://www.ndtv.com/delhi-news/investigating-role-of-all-who-took-part-in-delhi-riots-police-2294861#ndtv_nextstory
data/79,1,https://www.ndtv.com/delhi-news/phone-snatched-by-thieves-on-bike-delhi-journalist-chases-catches-them-2294857#ndtv_prevstory
data/80,0,https://www.ndtv.com/tamil/pm-narendra-modi-on-monsoon-session-hope-parliament-will-unitedly-send-message-that-the-nation-stands-behind-our-soldiers-2294921
data/81,1,https://www.ndtv.com/india-news/pm-modis-70th-birthday-kangana-ranaut-virat-kohli-anupam-kher-lead-celebrities-in-wishing-pm-modi-2296792#ndtv_related
data/82,1,https://www.ndtv.com/india-news/amit-shah-on-prime-minister-narendra-modis-birthday-privilege-to-serve-maa-bharati-under-him-2296756#ndtv_related
data/83,1,https://www.ndtv.com/business/s-p-bse-sensex-nse-nifty-50-live-covid-19-updates-sensex-nifty-rise-tracking-asian-markets-2294906#ndtv_related
data/84,1,https://www.ndtv.com/business/s-p-bse-sensex-nse-nifty-50-live-covid-19-updates-sensex-nifty-open-lower-tracking-global-markets-2289612#ndtv_related
data/85,1,https://www.ndtv.com/business/s-p-bse-sensex-nse-nifty-live-covid-19-update-sensex-jumps-over-300-points-nifty-firm-above-11400-2292018#ndtv_related
data/86,1,https://www.ndtv.com/business/s-p-bse-sensex-nse-nifty-50-live-covid-19-updates-sensex-nifty-off-days-highs-pharma-stocks-lag-2281066#ndtv_nextstory
data/87,1,https://www.ndtv.com/business/bse-sensex-today-live-updates-sensex-nifty-likely-to-have-a-flat-opening-amid-coronavirus-pandemic-2281053#ndtv_prevstory
data/88,1,https://www.ndtv.com/business/how-to-give-your-car-or-bike-added-protection-during-monsoon-2289395
data/89,1,https://www.ndtv.com/world-news/russia-says-alexei-navalny-disinformation-being-used-for-new-sanctions-2292772#ndtv_nextstory
data/90,1,https://www.ndtv.com/world-news/oxford-vaccine-maker-on-trial-pause-over-illness-to-maintain-integrity-2292733#ndtv_prevstory
data/91,0,https://www.ndtv.com/india-news/kangana-ranaut-to-uddhav-thackeray-wheel-of-time-it-changes-2292820?pfrom=home-topscroll
data/92,3,https://www.ndtv.com/opinion/what-happened-at-thackeray-pawar-meeting-on-kangana-2293239#ndtv_nextstory
data/93,0,https://www.ndtv.com/opinion/modi-sarkars-new-record-in-delaying-a-big-parliament-decision-2292919#ndtv_prevstory
data/94,1,https://www.ndtv.com/world-news/a-court-reprieve-for-us-president-donald-trumps-h-1b-visa-ban-challenged-by-169-indians-2296707#ndtv_nextstory
data/95,1,https://www.ndtv.com/world-news/asian-airlines-join-trend-of-scenic-flights-to-nowhere-amid-pandemic-2296694#ndtv_prevstory
data/96,1,https://www.ndtv.com/india-news/worlds-longest-highway-tunnel-above-10-000-feet-connecting-manali-with-leh-ready-after-10-years-2296124?pfrom=home-topstories
data/97,1,https://www.ndtv.com/india-news/coronavirus-pm-insurance-scheme-for-health-workers-fighting-covid-19-extended-2296106#ndtv_nextstory
data/98,0,https://www.ndtv.com/india-news/tripura-coronavirus-biplab-deb-monkey-shown-as-tiger-tripura-chief-minister-clarifies-remark-on-media-2296097#ndtv_prevstory
data/99,0,https://www.ndtv.com/india-news/jaya-bachchan-on-ravi-kishan-drugs-in-film-industry-statement-plate-you-eat-from-2295459
data/100,1,https://www.ndtv.com/india-news/shiromani-akali-dal-punjab-ally-opposes-centre-on-new-farm-ordinances-says-against-annadata-2296075#ndtv_nextstory
data/101,0,https://www.ndtv.com/india-news/up-coronavirus-not-begging-for-alms-covid-patients-at-up-hospital-complain-about-food-2296058#ndtv_prevstory
data/102,0,https://www.ndtv.com/india-news/bjp-mp-ravi-kishan-in-parliament-drug-addiction-in-film-industry-too-2295026
data/103,0,https://www.ndtv.com/india-news/hema-malini-on-drugs-row-cant-take-it-when-they-ridicule-our-film-industry-2296062
data/104,1,https://www.ndtv.com/india-news/jaya-prada-slams-jaya-bachchan-over-politicising-drug-issue-in-parliament-speech-2296599#ndtv_related
data/105,1,https://www.ndtv.com/india-news/sickening-swara-bhaskar-on-kangana-ranauts-jaya-bachchan-tweet-2296527#ndtv_related
data/106,2,https://www.ndtv.com/opinion/hai-bollywood-jaya-bachchan-kangana-and-more-shobhaa-de-2296150#ndtv_related
data/107,1,https://www.ndtv.com/karnataka-news/karnataka-home-minister-basavaraj-bommai-food-minister-k-gopalaiah-test-positive-for-covid-19-2296206#ndtv_nextstory
data/108,0,https://www.ndtv.com/india-news/pm-couldnt-care-less-fund-trinamool-congress-derek-obrien-dig-in-parliament-2296185#ndtv_prevstory
data/109,1,https://www.ndtv.com/india-news/harsimrat-kaur-badal-of-bjp-ally-akali-dal-to-resign-as-union-minister-over-governments-farm-ordinances-2297096#ndtv_nextstory
data/110,1,https://www.ndtv.com/india-news/centre-conducted-surgical-strike-on-farmers-by-banning-onion-export-ncps-mahesh-tapase-2297085#ndtv_prevstory
data/111,1,https://www.ndtv.com/world-news/sri-lanka-spots-oil-slick-from-fire-stricken-supertanker-2292570#ndtv_nextstory
data/112,1,https://www.ndtv.com/world-news/alarming-rates-of-transmission-of-virus-in-europe-who-2296958#ndtv_prevstory
data/113,1,https://www.ndtv.com/india-news/army-chief-general-mm-naravane-reviews-security-situation-in-srinagar-to-visit-forward-locations-2297095#ndtv_nextstory
data/114,1,https://www.ndtv.com/india-news/pulwama-type-attack-averted-52-kg-explosives-found-near-j-k-highway-army-2297082#ndtv_prevstory
data/115,1,https://www.ndtv.com/entertainment/anand-ahujas-appreciation-note-for-sonam-kapoor-is-pure-couple-goals-2272810
data/116,1,https://www.ndtv.com/entertainment/sonam-kapoors-appreciation-post-for-husband-anand-ahuja-is-too-cute-pics-inside-2228587
data/117,1,https://www.ndtv.com/entertainment/zains-birthday-celebrations-are-keeping-mira-rajput-and-shahid-kapoor-two-busy-see-pic-2290788#ndtv_nextstory
data/118,1,https://www.ndtv.com/entertainment/kajol-is-too-glam-to-give-a-damn-about-her-new-hairdo-2297056#ndtv_prevstory
data/119,1,https://www.ndtv.com/tamil/coronavirus-count-cross-5-25-laksh-in-tamilnadu-5-560-people-affected-today-2297055#ndtv_related
data/120,1,https://www.ndtv.com/tamil/tn-coronavirus-district-wise-detailed-report-on-september-16-2020-2296476#ndtv_related
data/121,1,https://www.ndtv.com/tamil/coronavirus-count-cross-5-19-laksh-in-tamilnadu-5-652-people-affected-today-2296461#ndtv_related
data/122,1,https://www.ndtv.com/tamil/rajendra-balaji-counters-sellur-rajus-comment-on-cm-candidate-for-2021-elections-2277641#ndtv_nextstory
data/123,1,https://www.ndtv.com/tamil/coronavirus-count-cross-5-25-laksh-in-tamilnadu-5-560-people-affected-today-2297055#ndtv_prevstory
data/124,1,https://www.ndtv.com/tamil/coronavirus-update-indias-covid-19-cases-cross-50-lakh-with-over-90-000-new-cases-82-066-deaths-with-1-290-in-24-hours-2296057#ndtv_related
data/125,1,https://www.ndtv.com/tamil/tn-coronavirus-district-wise-detailed-report-on-september-17-2020-2297062#ndtv_nextstory
data/126,1,https://www.ndtv.com/tamil/hate-should-not-be-sown-in-the-name-of-caste-religious-purity-thol-thirumavalavan-2297052#ndtv_prevstory
data/127,1,https://www.ndtv.com/tamil/coronavirus-count-cross-5-25-laksh-in-tamilnadu-5-560-people-affected-today-2297055#ndtv_nextstory
data/128,1,https://www.ndtv.com/tamil/tn-coronavirus-district-wise-detailed-report-on-september-16-2020-2296476#ndtv_prevstory
data/129,0,https://www.ndtv.com/india-news/rajnath-singh-to-parliament-on-ladakh-stand-off-no-power-on-earth-can-stop-the-indian-army-from-patrolling-2296818
data/130,1,https://www.ndtv.com/tamil/no-infiltration-at-indo-china-border-in-last-6-months-centre-to-mps-in-parliament-2296246#ndtv_related
data/131,1,https://www.ndtv.com/tamil/rahul-gandhi-jibe-at-pm-narendra-modi-after-rajnath-singh-statement-on-china-in-parliament-2295943#ndtv_related
data/132,1,https://www.ndtv.com/tamil/defence-minister-rajnath-singh-tells-parliament-transgression-attempts-by-china-in-ladakh-foiled-by-our-troops-2295688#ndtv_related
data/133,1,https://www.ndtv.com/tamil/file-case-against-arun-shourie-court-to-cbi-on-hotel-disinvestment-2296953#ndtv_nextstory
data/134,1,https://www.ndtv.com/tamil/on-actor-rakulpreets-plea-linked-to-rhea-chakraborty-drug-case-court-notice-to-centre-2296894#ndtv_prevstory
data/135,0,https://www.ndtv.com/tamil/382-doctors-died-of-covid-says-indian-medical-association-accuses-government-of-abandoning-national-heroes-2296720#ndtv_related
data/136,1,https://www.ndtv.com/tamil/union-minister-nitin-gadkari-tests-coronavirus-positive-isolates-himself-2296556#ndtv_related
data/137,1,https://www.ndtv.com/tamil/on-actor-rakulpreets-plea-linked-to-rhea-chakraborty-drug-case-court-notice-to-centre-2296894#ndtv_nextstory
data/138,0,https://www.ndtv.com/tamil/382-doctors-died-of-covid-says-indian-medical-association-accuses-government-of-abandoning-national-heroes-2296720#ndtv_prevstory
data/139,0,https://www.ndtv.com/telangana-news/veterinarian-24-allegedly-murdered-set-ablaze-in-telangana-2140160#ndtv_nextstory
data/140,1,https://www.ndtv.com/entertainment/madhuri-dixit-sets-up-a-kitchen-garden-with-her-family-see-her-post-2297104
data/141,1,https://www.ndtv.com/entertainment/the-internet-loves-this-pic-of-madhuri-dixit-and-her-husband-sriram-nene-2259448
data/142,1,https://www.ndtv.com/entertainment/madhuri-dixit-in-her-latest-post-asks-fans-to-choose-experiences-over-things-2266477
data/143,2,https://www.ndtv.com/entertainment/happy-birthday-to-our-oldest-nick-jonas-priyanka-chopra-celebrate-a-special-day-2290803#ndtv_nextstory
data/144,1,https://www.ndtv.com/entertainment/will-you-be-my-girlfriend-asks-anand-ahuja-in-his-appreciation-post-for-sonam-her-reply-2297084#ndtv_prevstory
data/145,1,https://www.ndtv.com/entertainment/madhuri-dixit-sets-up-a-kitchen-garden-with-her-family-see-her-post-2297104#ndtv_prevstory
data/146,1,https://www.ndtv.com/entertainment/madhuri-dixits-throwback-pic-is-a-true-blast-from-the-past-2262753
data/147,1,https://www.ndtv.com/entertainment/varun-dhawan-on-kalank-failure-it-was-a-bad-film-it-let-down-people-2069197
data/148,1,https://www.ndtv.com/entertainment/priyanka-chopra-surprises-nick-jonas-with-pup-named-gino-your-face-hilarious-2139275
data/149,1,https://www.ndtv.com/entertainment/meet-panda-the-latest-addition-to-priyanka-chopra-and-nick-jonas-family-2276652
data/150,1,https://www.ndtv.com/entertainment/priyanka-chopra-loves-the-california-sun-see-who-doubled-up-as-her-pillow-2226693
data/151,1,https://www.ndtv.com/entertainment/teachers-day-2020-kajol-shares-pic-of-her-closest-clan-whove-taught-great-values-of-life-2290820#ndtv_nextstory
data/152,1,https://www.ndtv.com/entertainment/madhuri-dixit-sets-up-a-kitchen-garden-with-her-family-see-her-post-2297104#ndtv_nextstory
data/153,1,https://www.ndtv.com/entertainment/madhuri-dixit-still-loves-this-look-and-so-do-we-2201000
data/154,1,https://www.ndtv.com/entertainment/candle-madhuri-dixit-dedicates-her-first-single-to-frontline-workers-fighting-covid-19-2233860
data/155,1,https://www.ndtv.com/entertainment/arjun-kapoor-calls-varun-dhawan-sweet-like-vanilla-ice-cream-involved-2067367
data/156,1,https://www.ndtv.com/entertainment/varun-dhawan-and-natasha-dalals-rumoured-wedding-might-be-the-reason-for-street-dancers-new-release--2058571
data/157,1,https://www.ndtv.com/entertainment/varun-dhawans-coolie-no-1-remake-is-actually-a-new-film-david-dhawan-2063615
data/158,1,https://www.ndtv.com/entertainment/love-actually-this-pic-of-varun-dhawan-and-girlfriend-natasha-dalal-2294316#ndtv_related
data/159,1,https://www.ndtv.com/entertainment/this-is-what-varun-dhawan-looked-like-at-sweet-16-the-internet-cannot-even-2289737#ndtv_related
data/160,1,https://www.ndtv.com/entertainment/varun-dhawans-shoulder-injury-never-healed-properly-but-he-is-looking-forward-to-doing-what-he-loves-again-2286461#ndtv_related
data/161,1,https://www.ndtv.com/entertainment/for-priyanka-chopra-nick-jonas-is-planning-a-first-anniversary-surprise-shhhh-2129455
data/162,1,https://www.ndtv.com/entertainment/theres-nick-jonas-and-priyanka-chopra-jonas-and-then-extra-chopra-jonas-a-maybach-see-pics-2006742
data/163,1,https://www.ndtv.com/entertainment/evil-eye-trailer-priyanka-chopras-new-production-is-a-gripping-horror-thriller-2296970#ndtv_related
data/164,1,https://www.ndtv.com/entertainment/the-internet-is-a-sucker-for-this-throwback-pic-of-nick-and-joe-jonas-2296668#ndtv_related
data/165,1,https://www.ndtv.com/entertainment/grateful-you-were-born-writes-priyanka-chopra-in-her-birthday-wish-for-love-nick-jonas-2296229#ndtv_related
data/166,1,https://www.ndtv.com/entertainment/priyanka-chopras-2020-mood-calendar-is-same-as-reese-witherspoons-who-started-the-trend-2275644
data/167,1,https://www.ndtv.com/entertainment/priyanka-chopras-guide-to-sun-bathing-in-style-because-summer-2271774
data/168,1,https://www.ndtv.com/entertainment/priyanka-chopra-reacts-to-miss-india-videos-from-2000-and-old-pics-what-am-i-wearing-2268070
data/169,1,https://www.ndtv.com/entertainment/priyanka-chopra-didnt-get-the-social-distancing-memo-when-it-comes-to-this-fur-baby-2224023
data/170,1,https://www.ndtv.com/entertainment/priyanka-chopra-might-have-gone-as-pretty-princess-if-met-gala-had-been-held-2223369
data/171,1,https://www.ndtv.com/entertainment/heres-how-kajol-remembered-her-father-shomu-mukherjee-on-his-birth-anniversary-2249181
data/172,1,https://www.ndtv.com/entertainment/throwback-thursday-kajol-shares-pic-of-the-three-devis-of-her-life-2168574
data/173,2,https://www.ndtv.com/world-news/elon-musk-went-straight-for-mars-tesla-chiefs-go-it-alone-strategy-2296738
data/174,1,https://www.ndtv.com/delhi-news/delhi-metro-suffered-rs-1-609-crore-loss-due-to-closure-of-services-centre-2297107
data/175,2,https://www.ndtv.com/world-news/hurricane-sally-weakens-to-tropical-storm-catastrophic-flooding-continues-in-us-2296753#ndtv_nextstory
data/176,1,https://www.ndtv.com/world-news/a-court-reprieve-for-us-president-donald-trumps-h-1b-visa-ban-challenged-by-169-indians-2296707#ndtv_prevstory
data/177,1,https://www.ndtv.com/delhi-news/man-arrested-for-hitting-traffic-policeman-in-delhi-cops-2284651#ndtv_nextstory
data/178,1,https://www.ndtv.com/delhi-news/man-injured-after-being-attacked-with-knife-in-southeast-delhi-2296956#ndtv_prevstory
data/179,1,https://www.ndtv.com/world-news/poison-was-on-water-bottle-in-russias-kremlin-critic-alexei-navalnys-hotel-room-his-team-says-2296836#ndtv_nextstory
data/180,2,https://www.ndtv.com/world-news/elon-musk-went-straight-for-mars-tesla-chiefs-go-it-alone-strategy-2296738#ndtv_prevstory
data/181,1,https://www.ndtv.com/india-news/foreign-minister-s-jaishankar-says-us-visa-policy-supporting-indian-talent-is-win-win-for-both-2288364
data/182,2,https://www.ndtv.com/world-news/elon-musk-went-straight-for-mars-tesla-chiefs-go-it-alone-strategy-2296738#ndtv_nextstory
data/183,1,https://www.ndtv.com/world-news/donald-trump-confirms-white-house-staff-member-testing-coronavirus-positive-2296702#ndtv_prevstory
data/184,1,https://www.ndtv.com/delhi-news/cop-seen-thrashing-boy-in-video-suspended-police-2285000#ndtv_nextstory
data/185,1,https://www.ndtv.com/delhi-news/delhi-metro-suffered-rs-1-609-crore-loss-due-to-closure-of-services-centre-2297107#ndtv_prevstory
data/186,1,https://www.ndtv.com/delhi-news/delhi-metro-suffered-rs-1-609-crore-loss-due-to-closure-of-services-centre-2297107#ndtv_nextstory
data/187,1,https://www.ndtv.com/india-news/opposition-leaders-to-meet-president-today-over-delhi-riots-investigation-2296757#ndtv_prevstory
data/188,1,https://www.ndtv.com/world-news/kremlin-critic-alexei-navalny-posts-pic-from-hospital-says-able-to-breathe-unaided-2295723
data/189,1,https://www.ndtv.com/world-news/australian-stinging-trees-contain-scorpion-like-venom-scientists-2296840#ndtv_nextstory
data/190,2,https://www.ndtv.com/world-news/hurricane-sally-weakens-to-tropical-storm-catastrophic-flooding-continues-in-us-2296753#ndtv_prevstory
data/191,1,https://www.ndtv.com/india-news/will-summon-facebook-officials-delhi-assembly-peace-committee-amid-political-row-2285066#ndtv_nextstory
data/192,1,https://www.ndtv.com/delhi-news/man-arrested-for-hitting-traffic-policeman-in-delhi-cops-2284651#ndtv_prevstory
data/193,1,https://www.ndtv.com/india-news/earthquake-in-arunachal-pradesh-today-with-magnitude-4-8-earthquake-in-india-2296767#ndtv_nextstory
data/194,1,https://www.ndtv.com/india-news/amit-shah-on-prime-minister-narendra-modis-birthday-privilege-to-serve-maa-bharati-under-him-2296756#ndtv_prevstory
data/195,1,https://www.ndtv.com/world-news/germany-plans-to-take-in-1-500-refugees-from-greek-islands-2295744#ndtv_nextstory
data/196,1,https://www.ndtv.com/world-news/iran-warns-us-against-strategic-mistake-after-donald-trump-threat-2295696#ndtv_prevstory
data/197,1,https://www.ndtv.com/world-news/google-doodle-asks-people-to-wear-mask-and-save-lives-amid-covid-19-pandemic-2296039#ndtv_nextstory
data/198,1,https://www.ndtv.com/business/sbi-otp-cash-withdrawal-facility-state-bank-of-india-extends-otp-based-atm-withdrawal-facility-2295755
data/199,0,https://www.ndtv.com/india-news/harsimrat-kaur-badal-of-bjp-ally-akali-dal-to-resign-as-union-minister-over-governments-farm-ordinances-2297096?pfrom=home-topscroll
data/200,1,https://www.ndtv.com/business/tamil/state-bank-of-india-sbi-otp-cash-withdrawal-facility-state-bank-of-india-extends-otp-based-atm-withdrawal-facility-2296127
data/201,1,https://www.ndtv.com/business/atm-card-fraud-atm-card-cloning-incidents-reported-in-delhi-customers-to-get-refund-says-sbi-2227461#ndtv_related
data/202,1,https://www.ndtv.com/offbeat/caught-on-camera-monkey-breaks-into-atm-in-delhi-trashes-it-2224949#ndtv_related
data/203,1,https://www.ndtv.com/business/state-bank-of-india-news-state-bank-launches-one-time-password-based-atm-transactions-2155303#ndtv_related
data/204,1,https://www.ndtv.com/india-news/rajdeep-sardesai-attorney-general-vetoes-contempt-case-against-journalist-2297046#News_Trending
data/205,0,https://www.ndtv.com/business/financial-planning-for-homemakers-made-easy-315177#ndtv_nextstory
data/206,1,https://www.ndtv.com/business/gold-price-today-at-rs-51-280-per-10-grams-silver-rate-at-rs-67-926-per-kilogram-on-10-sept-2020-2294267#ndtv_prevstory
data/207,1,https://www.ndtv.com/india-news/centre-didnt-incur-expenses-for-howdy-modi-event-in-us-last-year-v-muraleedharan-2297109
data/208,1,https://www.ndtv.com/business/tamil/state-bank-of-india-news-state-bank-launches-one-time-password-based-atm-transactions-2155572#ndtv_related
data/209,1,https://www.ndtv.com/business/tamil/sbi-minimum-balance-average-monthly-balance-rules-penalty-charges-for-insufficient-balance-explained-2016546#ndtv_related
data/210,1,https://www.ndtv.com/business/tamil/sbi-hikes-key-lending-rates-by-20-basis-points-emis-set-to-rise-1909661#ndtv_related
data/211,1,https://www.ndtv.com/business/tamil/state-bank-of-india-sbi-otp-cash-withdrawal-facility-state-bank-of-india-extends-otp-based-atm-withdrawal-facility-2296127#News_Trending
data/212,1,https://www.ndtv.com/business/tamil/loan-moratorium-case-must-come-up-with-something-concrete-for-sectors-supreme-court-tells-centre-2293210#News_Trending
data/213,1,https://www.ndtv.com/business/tamil/loan-moratorium-capable-of-being-extended-under-rbi-circular-for-two-years-centre-tells-supreme-court-2288553#News_Trending
data/214,1,https://www.ndtv.com/business/tamil/auto-sector-slowdown-sbi-state-bank-of-india-removes-processing-fee-on-car-loans-know-about-it-2087750#ndtv_nextstory
data/215,3,https://www.ndtv.com/business/tamil/how-to-update-aadhaar-card-address-online-check-status-via-uidai-portal-2276984#ndtv_prevstory
data/216,1,https://www.ndtv.com/business/pmc-bank-hit-by-fraud-seeks-merger-with-other-banks-report-2296486#ndtv_related
data/217,1,https://www.ndtv.com/indians-abroad/indian-american-pleads-guilty-in-usd-17-million-bank-fraud-2296025#ndtv_related
data/218,1,https://www.ndtv.com/india-news/38-named-in-bank-fraud-cases-fled-india-in-last-4-years-probe-agency-2295273#ndtv_related
data/219,4,https://www.ndtv.com/business/covid-19-news-banks-refusing-to-lend-in-india-prompt-62-billion-rescue-deal-2229232#ndtv_nextstory
data/220,1,https://www.ndtv.com/business/sbi-cuts-lending-rate-by-0-15-percent-loans-to-get-cheaper-rolls-out-special-deposits-for-senior-citizens-2224877#ndtv_prevstory
data/221,1,https://www.ndtv.com/offbeat/monkey-riding-a-bike-grabs-toddler-drags-her-in-shocking-video-2222849
data/222,1,https://www.ndtv.com/offbeat/two-pics-that-will-make-monday-better-courtesy-anand-mahindra-2273226#ndtv_nextstory
data/223,1,https://www.ndtv.com/offbeat/video-telangana-cop-rescues-dog-stuck-in-bushes-after-heavy-rains-2297008#ndtv_prevstory
data/224,1,https://www.ndtv.com/business/tamil/state-bank-of-india-news-state-bank-launches-one-time-password-based-atm-transactions-2155572
data/225,2,https://www.ndtv.com/business/sbi-emv-chip-pin-based-debit-card-how-to-exchange-magstripe-card-get-new-chip-based-sbi-debit-card-2149098
data/226,1,https://www.ndtv.com/business/sbi-savings-account-interest-rates-revised-check-latest-sbi-rates-for-different-deposits-november-20-2126212
data/227,1,https://www.ndtv.com/business/sbi-atm-debit-cards-transaction-limits-sbi-atm-card-withdrawal-charges-sbi-atm-services-2088889
data/228,1,https://www.ndtv.com/business/state-bank-of-india-sbi-atm-card-transaction-charges-cash-withdrawal-limit-types-of-cards-2025014
data/229,1,https://www.ndtv.com/business/state-bank-of-india-sbi-service-charges-for-atm-card-usage-net-banking-fund-transfer-penalty-fees-fo-2004041
data/230,1,https://www.ndtv.com/business/sbi-otp-cash-withdrawal-facility-state-bank-of-india-extends-otp-based-atm-withdrawal-facility-2295755#ndtv_related
data/231,1,https://www.ndtv.com/india-news/madhya-pradesh-cash-van-with-rs-39-lakh-collected-from-sbi-goes-missing-2292530#ndtv_related
data/232,1,https://www.ndtv.com/business/state-bank-of-india-to-lead-group-for-yes-bank-stake-buy-report-2190214#ndtv_nextstory
data/233,1,https://www.ndtv.com/business/pmc-bank-hit-by-fraud-seeks-merger-with-other-banks-report-2296486#ndtv_prevstory
data/234,0,https://www.ndtv.com/india-news/home-minister-amit-shah-discharged-from-aiims-he-was-readmitted-for-post-covid-check-up-2297065#ndtv_nextstory
data/235,1,https://www.ndtv.com/india-news/deep-conspiracy-opposition-meets-president-over-police-probe-in-delhi-violence-2297041#ndtv_prevstory
data/236,1,https://www.ndtv.com/business/corona-kavach-and-corona-rakshak-policies-financial-protection-against-the-covid19-pandemic-2272970#ndtv_related
data/237,1,https://www.ndtv.com/business/systematic-investment-plans-get-record-inflows-of-rs-8-532-crore-in-january-2177973#ndtv_related
data/238,0,https://www.ndtv.com/business/5-credit-card-tips-for-beginners-315136#ndtv_nextstory
data/239,1,https://www.ndtv.com/business/sbi-otp-cash-withdrawal-facility-state-bank-of-india-extends-otp-based-atm-withdrawal-facility-2295755#ndtv_prevstory
data/240,1,https://www.ndtv.com/business/silver-has-out-performed-gold-this-year-amid-covid19-pandemic-is-it-the-new-gold-2280341
data/241,1,https://www.ndtv.com/india-news/centre-didnt-incur-expenses-for-howdy-modi-event-in-us-last-year-v-muraleedharan-2297109#ndtv_nextstory
data/242,1,https://www.ndtv.com/india-news/aaps-sanjay-singh-alleges-corruption-in-covid-19-equipment-purchase-in-up-seeks-cbi-probe-2297113
data/243,1,https://www.ndtv.com/india-news/pm-modis-birthday-surat-bakerys-71-feet-long-corona-warrior-theme-cake-2297111
data/244,1,https://www.ndtv.com/delhi-news/delhi-man-files-plea-against-challan-for-not-wearing-mask-while-driving-alone-2297115
data/245,1,https://www.ndtv.com/india-news/coronavirus-aiming-to-bring-down-covid-19-mortality-rate-below-1-health-minister-to-mps-2297114
data/246,1,https://www.ndtv.com/india-news/pm-modis-birthday-surat-bakerys-71-feet-long-corona-warrior-theme-cake-2297111#ndtv_nextstory
data/247,1,https://www.ndtv.com/india-news/imarti-devi-madhya-pradesh-minister-from-team-jyotiraditya-scindia-snubbed-over-promise-of-eggs-2295924#ndtv_nextstory
data/248,1,https://www.ndtv.com/india-news/pm-modis-birthday-surat-bakerys-71-feet-long-corona-warrior-theme-cake-2297111#ndtv_prevstory
data/249,1,https://www.ndtv.com/india-news/germanys-angela-merkel-russias-vladimir-putin-lead-world-leaders-in-wishing-pm-modi-on-his-birthday-2296726?pfrom=home-topstories
data/250,1,https://www.ndtv.com/india-news/pm-modis-70th-birthday-kangana-ranaut-virat-kohli-anupam-kher-lead-celebrities-in-wishing-pm-modi-2296792?pfrom=home-topstories
data/251,1,https://www.ndtv.com/india-news/aaps-sanjay-singh-alleges-corruption-in-covid-19-equipment-purchase-in-up-seeks-cbi-probe-2297113#ndtv_nextstory
data/252,1,https://www.ndtv.com/business/supreme-court-rejects-resuming-insolvency-case-against-anil-ambani-2296920
data/253,1,https://www.ndtv.com/business/happiest-minds-bengaluru-based-digital-it-services-provider-makes-stellar-debut-lists-at-111-premium-on-the-bse-2296725
data/254,1,https://www.ndtv.com/business/government-imposes-security-condition-on-foreign-direct-investment-in-defence-2297105
data/255,1,https://www.ndtv.com/business/s-p-bse-sensex-nse-nifty-50-live-covid-19-updates-sensex-nifty-close-lower-break-2-day-winning-run-2296926
data/256,1,https://www.ndtv.com/business/automakers-should-cut-royalty-payments-to-foreign-parent-firms-official-2296898
data/257,1,https://www.ndtv.com/business/coronavirus-pandemic-crisis-airlines-want-1-5-billion-in-interest-free-credit-line-says-minister-2296679
data/258,1,https://www.ndtv.com/business/epfo-interest-rate-epf-return-at-8-5-percent-but-to-be-paid-in-parts-heres-what-it-means-for-you-2294260
data/259,1,https://www.ndtv.com/business/post-office-investment-small-savings-schemes-types-of-financial-schemes-available-at-post-office-2291012
data/260,2,https://www.ndtv.com/business/liquefied-petroleum-gas-lpg-cylinder-rate-sept-2020-this-is-how-much-you-pay-for-lpg-this-month-2291147
data/261,1,https://www.ndtv.com/business/latest-fixed-deposit-rate-here-are-latest-fd-interest-rates-of-sbi-icici-bank-hdfc-bank-kotak-bank-2289671
data/262,1,https://www.ndtv.com/business/fed-policy-decision-news-us-central-bank-to-keep-interest-rates-low-expects-slow-recovery-ahead-2296672
data/263,1,https://www.ndtv.com/business/jindal-steel-expects-to-produce-19-more-steel-this-year-as-demand-surges-2297037
data/264,1,https://www.ndtv.com/business/dr-reddys-labs-share-price-news-dr-reddys-labs-gains-on-launching-eye-allergy-drop-in-us-market-2296807
data/265,1,https://www.ndtv.com/business/hcl-technologies-share-price-news-hcl-tech-stock-rises-after-firm-expands-partnership-with-google-2296879
data/266,1,https://www.ndtv.com/business/petrol-diesel-price-today-slashed-by-13-20-paise-on-thursday-17-september-2020-check-latest-rates-here-2296662
data/267,1,https://www.ndtv.com/business/happiest-minds-market-debut-news-happiest-minds-share-price-makes-stellar-debut-as-shares-double-2297060?pfrom=Marketss_profit2016 
data/268,1,https://www.ndtv.com/business/s-p-bse-sensex-nse-nifty-50-live-covid-19-updates-sensex-nifty-close-lower-break-2-day-winning-run-2296926?pfrom=Marketss_profit2016 
data/269,1,https://www.ndtv.com/business/top-court-asks-sbi-capital-markets-to-start-funding-6-stalled-projects-of-amrapali-group-2286533?pfrom=Realstate_profit2016 
data/270,2,https://www.ndtv.com/business/housing-sales-in-delhi-mumbai-bengaluru-pune-3-others-fall-81-in-apr-jun-amid-covid-19-crisis-2252040?pfrom=Realstate_profit2016 
data/271,1,https://www.ndtv.com/business/crude-oil-price-today-crude-oil-brent-wti-declines-amid-demand-concerns-covid-19-pandemic-2296863?pfrom=commodity_profit2016 
data/272,1,https://www.ndtv.com/business/gold-rate-today-spot-gold-falls-as-dollar-pushes-higher-on-us-central-banks-upbeat-economic-view-2296781?pfrom=commodity_profit2016 
data/273,1,https://www.ndtv.com/business/hcl-technologies-share-price-news-hcl-tech-stock-rises-after-firm-expands-partnership-with-google-2296879?pfrom=Tech_profit2016 
data/274,1,https://www.ndtv.com/business/flipkart-ipo-news-flipkart-eyes-overseas-listing-of-shares-as-early-as-2021-says-report-2296474?pfrom=Tech_profit2016 
data/275,1,https://www.ndtv.com/business/uk-economy-contracts-by-20-4-june-quarter-2278318?pfrom=Defence_profit2016 
data/276,1,https://www.ndtv.com/business/lufthansa-german-government-agree-on-9-8-billion-rescue-package-report-2234962?pfrom=Defence_profit2016 
data/277,1,https://www.ndtv.com/business/automakers-should-cut-royalty-payments-to-foreign-parent-firms-official-2296898?pfrom=Auto_profit2016 
data/278,1,https://www.ndtv.com/business/auto-sales-car-sales-two-wheeler-sales-news-siam-reports-passenger-car-sales-in-august-2020-2293753?pfrom=Auto_profit2016 
data/279,0,https://www.ndtv.com/business/silver-lining-for-some-startups-amid-covid-19-pandemic-2285404?pfrom=Yourmoneyauto_profit2016 
data/280,1,https://www.ndtv.com/business/startup-accelerator-flipkart-leap-news-flipkart-launches-accelerator-programme-for-these-startups-2277077?pfrom=Yourmoneyauto_profit2016 
data/281,1,https://www.ndtv.com/business/covid-19-news-goldman-pushes-ahead-with-1-460-india-hires-internships-2229390?pfrom=lifecareers_profit2016 
data/282,1,https://www.ndtv.com/business/pay-hikes-in-india-to-fall-to-decadal-low-in-2020-report-2182027?pfrom=lifecareers_profit2016 
data/283,1,https://www.ndtv.com/business/zoom-video-communications-news-zoom-to-open-technology-centre-in-bengaluru-2266363?pfrom=Banking_profit2016 
data/284,1,https://www.ndtv.com/business/foxconn-tamil-nadu-investment-apple-supplier-foxconn-to-invest-1-billion-in-india-says-report-2261129?pfrom=Banking_profit2016 
data/285,1,https://www.ndtv.com/business/how-to-give-your-car-or-bike-added-protection-during-monsoon-2289395?pfrom=home-profithp
data/286,1,https://www.ndtv.com/business/supreme-court-rejects-resuming-insolvency-case-against-anil-ambani-2296920?pfrom=home-trending 
data/287,1,https://www.ndtv.com/business/government-imposes-security-condition-on-foreign-direct-investment-in-defence-2297105?pfrom=home-trending 
data/288,1,https://www.ndtv.com/business/s-p-bse-sensex-nse-nifty-50-live-covid-19-updates-sensex-nifty-open-lower-after-fed-holds-rates-2296683?pfrom=home-trending 
data/289,0,https://www.ndtv.com/business/coronavirus-pandemic-crisis-airlines-want-1-5-billion-in-interest-free-credit-line-says-minister-2296679?pfrom=home-trending 
data/290,1,https://www.ndtv.com/india-news/india-us-sign-statement-of-intent-to-strengthen-dialogue-on-defence-tech-cooperation-2295994#ndtv_related
data/291,1,https://www.ndtv.com/business/india-received-20-billion-in-foreign-investment-during-covid-19-says-foreign-secretary-2295811#ndtv_related
data/292,1,https://www.ndtv.com/world-news/us-maldives-sign-defence-cooperation-deal-amid-chinas-growing-presence-in-indian-ocean-2294373#ndtv_related
data/293,1,https://www.ndtv.com/business/virus-hit-singapore-plunges-into-recession-as-economy-shrinks-41-2263412#ndtv_nextstory
data/294,1,https://www.ndtv.com/business/global-economic-recovery-from-coronavirus-pandemic-may-take-5-years-world-bank-chief-economist-2296869#ndtv_prevstory
data/295,1,https://www.ndtv.com/pune-news/on-call-man-poses-as-ajit-pawar-scares-pune-family-into-settling-dispute-cops-2297129
data/296,1,https://www.ndtv.com/world-news/who-urges-safety-for-health-workers-bearing-brunt-of-coronavirus-2297126
data/297,1,https://www.ndtv.com/india-news/agriculture-minister-narendra-singh-tomar-minimum-support-price-mechanism-for-farmers-will-continue-2297124
data/298,1,https://www.ndtv.com/delhi-news/delhi-airport-opens-exclusive-terminal-for-private-jets-2297123
data/299,1,https://www.ndtv.com/delhi-news/delhi-violence-delhi-court-takes-cognizance-of-chargesheet-in-anti-terror-law-case-2297118
data/300,1,https://www.ndtv.com/business/periodic-maintenance-can-increase-the-life-of-your-car-here-s-how-2091813#ndtv_nextstory
data/301,1,https://www.ndtv.com/business/health-insurance-a-must-but-heres-why-a-family-health-cover-may-be-even-better-2268097#ndtv_prevstory
data/302,1,https://www.ndtv.com/business/jindal-steel-expects-to-produce-19-more-steel-this-year-as-demand-surges-2297037?pfrom=home-trending 
data/303,1,https://www.ndtv.com/business/automakers-should-cut-royalty-payments-to-foreign-parent-firms-official-2296898?pfrom=home-trending 
data/304,1,https://www.ndtv.com/india-news/pulwama-type-attack-averted-52-kg-explosives-found-near-j-k-highway-army-2297082?pfrom=home-bigstory
data/305,1,https://www.ndtv.com/india-news/rajdeep-sardesai-attorney-general-vetoes-contempt-case-against-journalist-2297046?pfrom=home-topstories
data/306,0,https://www.ndtv.com/india-news/home-minister-amit-shah-discharged-from-aiims-he-was-readmitted-for-post-covid-check-up-2297065?pfrom=home-topstories
data/307,1,https://www.ndtv.com/pune-news/on-call-man-poses-as-ajit-pawar-scares-pune-family-into-settling-dispute-cops-2297129?pfrom=home-topstories
data/308,0,https://www.ndtv.com/india-news/health-minister-harsh-vardhan-holds-out-hope-for-covid-vaccine-by-next-year-2296908?pfrom=home-topstories
data/309,1,https://www.ndtv.com/telangana-news/telugu-film-producer-ashok-reddy-arrested-after-tv-actor-kondapalli-sravanis-death-by-suicide-at-hyderabad-home-2296837?pfrom=home-topstories
data/310,1,https://www.ndtv.com/indians-abroad/indian-origin-man-jigukumar-sorthi-gets-life-for-killing-estranged-wife-in-uk-2296705?pfrom=home-topstories
data/311,1,https://www.ndtv.com/india-news/bjps-ashok-gasti-first-time-rajya-sabha-member-from-karnataka-critically-ill-2296977?pfrom=home-topstories
data/312,1,https://www.ndtv.com/world-news/a-court-reprieve-for-us-president-donald-trumps-h-1b-visa-ban-challenged-by-169-indians-2296707?pfrom=home-topstories
data/313,1,https://www.ndtv.com/india-news/file-case-against-arun-shourie-court-to-cbi-on-hotel-disinvestment-2296932?pfrom=home-topscroll
data/314,0,https://www.ndtv.com/india-news/rajnath-singh-to-parliament-on-ladakh-stand-off-no-power-on-earth-can-stop-the-indian-army-from-patrolling-2296818?pfrom=home-topscroll
data/315,1,https://www.ndtv.com/world-news/former-model-accuses-donald-trump-of-sexually-assaulting-her-in-1997-2297091?pfrom=home-topscroll
data/316,1,https://www.ndtv.com/india-news/shiv-sena-sanjay-rauts-dig-at-bjp-over-maharashtra-covid-crisis-did-people-recover-by-eating-bhabhi-ji-ke-papad-2296880?pfrom=home-topscroll
data/317,1,https://www.ndtv.com/india-news/on-actor-rakulpreets-plea-linked-to-rhea-chakraborty-drug-case-court-notice-to-centre-2296815?pfrom=home-topscroll
data/318,1,https://www.ndtv.com/entertainment/kumar-janu-who-meme-mat-banao-yaar-says-kumar-sanus-son-2297031?pfrom=home-lateststories
data/319,1,https://www.ndtv.com/entertainment/kriti-and-nupur-sanons-home-for-the-next-few-days-looks-like-this-2297010?pfrom=home-lateststories
data/320,1,https://www.ndtv.com/entertainment/evil-eye-trailer-priyanka-chopras-new-production-is-a-gripping-horror-thriller-2296970?pfrom=home-lateststories
data/321,0,https://www.ndtv.com/india-news/harsimrat-kaur-badal-of-bjp-ally-akali-dal-to-resign-as-union-minister-over-governments-farm-ordinances-2297096?News_Trending
data/322,1,https://www.ndtv.com/india-news/on-actor-rakulpreets-plea-linked-to-rhea-chakraborty-drug-case-court-notice-to-centre-2296815?News_Trending
data/323,1,https://www.ndtv.com/india-news/rajdeep-sardesai-attorney-general-vetoes-contempt-case-against-journalist-2297046?News_Trending
data/324,1,https://www.ndtv.com/world-news/donald-trump-doubles-down-on-vaccine-timeline-contradicts-top-expert-2296648
data/325,1,https://www.ndtv.com/world-news/wikileaks-acted-in-public-interest-pentagon-papers-leaker-tells-julian-assange-hearing-2296639
data/326,1,https://www.ndtv.com/world-news/pandemic-threatens-child-education-health-gains-world-bank-2296635
data/327,1,https://www.ndtv.com/world-news/uk-says-russian-spies-almost-certainly-behind-kremlin-critic-poisoning-2296600
data/328,1,https://www.ndtv.com/indians-abroad/indian-origin-minister-alok-sharma-unveils-uks-investment-to-tackle-dangers-by-space-debris-2296571
data/329,1,https://www.ndtv.com/world-news/us-announces-charges-over-chinese-hacking-operation-2296554
data/330,1,https://www.ndtv.com/world-news/astronomers-discover-first-giant-exoplanet-orbiting-dead-star-2296537
data/331,1,https://www.ndtv.com/world-news/donald-trump-shares-fake-video-of-joe-biden-twitter-marks-it-as-manipulated-media-2296525
data/332,1,https://www.ndtv.com/world-news/us-plans-to-distribute-covid-19-vaccine-immediately-after-authorization-2296513
data/333,1,https://www.ndtv.com/world-news/north-korean-hackers-working-with-russian-cybercriminals-researchers-2296497
data/334,1,https://www.ndtv.com/world-news/business-software-oracles-courting-of-donald-trump-may-help-it-land-tiktoks-business-user-data-2296444
data/335,1,https://www.ndtv.com/world-news/miami-herald-editor-blames-internal-failures-after-publishing-racist-insert-2296425
data/336,1,https://www.ndtv.com/world-news/superspreader-us-wedding-now-linked-to-death-of-7-none-who-attended-2296422
data/337,1,https://www.ndtv.com/world-news/horrific-culmination-of-errors-led-to-boeing-737-max-crashes-2296417
data/338,1,https://www.ndtv.com/world-news/hurricane-sally-hits-us-gulf-coast-threatens-historic-flooding-2296398
data/339,1,https://www.ndtv.com/world-news/smoke-from-us-fires-reaches-europe-satellite-data-shows-2296334
data/340,1,https://www.ndtv.com/world-news/trump-making-dent-in-indian-american-vote-bank-survey-2296310
data/341,2,https://www.ndtv.com/world-news/skeletons-of-largest-known-t-rex-dinosaur-up-for-auction-in-new-york-2296290
data/342,1,https://www.ndtv.com/world-news/coronavirus-vaccine-nationalism-puts-lives-at-risk-says-european-union-chief-2296272
data/343,1,https://www.ndtv.com/world-news/barbados-plans-to-remove-queen-elizabeth-as-head-of-state-2296260
data/344,1,https://www.ndtv.com/world-news/china-uae-see-positive-results-in-phase-3-covid-19-vaccine-trials-says-official-2296237
data/345,1,https://www.ndtv.com/world-news/long-queues-as-coronavirus-testing-crisis-hits-uk-2296225
data/346,1,https://www.ndtv.com/world-news/bill-gates-sr-he-was-the-real-bill-gates-says-microsoft-co-founder-on-dads-death-2296082
data/347,1,https://www.ndtv.com/world-news/china-sends-9-satellites-into-space-in-first-sea-based-commercial-launch-2296162
data/348,1,https://www.ndtv.com/world-news/postcard-mailed-in-1920-finally-gets-delivered-after-100-years-2296158
data/349,1,https://www.ndtv.com/world-news/us-presidential-election-2020-joe-biden-holds-lead-over-donald-trump-among-indian-american-voters-says-report-2296142
data/350,1,https://www.ndtv.com/world-news/whale-stuck-in-crocodile-infested-river-after-wrong-turn-safe-for-now-2296136
data/351,1,https://www.ndtv.com/world-news/egypt-building-highways-near-pyramids-conservationists-flabbergasted-2296119
data/352,1,https://www.ndtv.com/world-news/japans-yoshihide-suga-formally-elected-as-new-prime-minister-2296096
data/353,1,https://www.ndtv.com/world-news/scientists-raise-concerns-as-2-major-glaciers-in-antarctica-are-breaking-free-2296076
data/354,4,https://www.ndtv.com/world-news/australia-pushes-trade-with-india-as-row-with-china-exposes-dependence-2296065
data/355,1,https://www.ndtv.com/world-news/us-broke-rules-by-imposing-tariffs-on-china-says-world-trade-organization-2296048
data/356,1,https://www.ndtv.com/world-news/us-president-donald-trump-accuses-democratic-opponent-joe-biden-of-using-drugs-2296028
data/357,1,https://www.ndtv.com/world-news/donald-trump-says-coronavirus-vaccine-could-be-ready-in-a-month-2296027
data/358,1,https://www.ndtv.com/world-news/us-first-lady-melania-trumps-bronze-statue-unveiled-near-her-hometown-in-slovenia-2296021
data/359,1,https://www.ndtv.com/world-news/earthquake-near-kathmandu-nepal-today-with-magnitude-5-3-earthquake-in-nepal-2296006
data/360,1,https://www.ndtv.com/world-news/donald-trump-oracle-very-close-to-deal-on-tiktok-2296005
data/361,1,https://www.ndtv.com/world-news/in-break-with-past-uae-and-bahrain-forge-ties-with-israel-at-white-house-2296004
data/362,1,https://www.ndtv.com/world-news/coronavirus-pandemic-pushed-37-million-into-extreme-poverty-gates-foundation-2295976
data/363,1,https://www.ndtv.com/world-news/world-trade-organisation-faults-us-over-trumps-china-tariffs-2295963
data/364,1,https://www.ndtv.com/world-news/trump-says-peace-deals-close-between-israel-five-or-six-other-countries-2295951
data/365,1,https://www.ndtv.com/world-news/senior-pak-journalist-asad-toor-charged-for-allegedly-defaming-country-army-online-2295949
data/366,2,https://www.ndtv.com/world-news/jpmorgan-says-work-from-home-output-down-mondays-and-fridays-worst-2295946
data/367,1,https://www.ndtv.com/world-news/coronavirus-cost-global-tourism-460-billion-in-january-june-united-nations-2295930
data/368,1,https://www.ndtv.com/world-news/wanted-to-kill-bashar-al-assad-in-2017-then-defence-secretary-jim-mattis-opposed-trump-2295919
data/369,1,https://www.ndtv.com/world-news/personally-have-no-problem-selling-advanced-f-35-planes-to-uae-says-donald-trump-2295848
data/370,1,https://www.ndtv.com/world-news/us-firm-novavax-aims-for-2-billion-coronavirus-vaccine-doses-with-expanded-india-deal-2295844
data/371,1,https://www.ndtv.com/world-news/world-running-out-of-names-un-body-as-2020-hurricanes-breeze-through-alphabet-2295824
data/372,1,https://www.ndtv.com/world-news/germany-plans-to-take-in-1-500-refugees-from-greek-islands-2295744
data/373,1,https://www.ndtv.com/world-news/iran-warns-us-against-strategic-mistake-after-donald-trump-threat-2295696
data/374,1,https://www.ndtv.com/world-news/former-carlos-ghosn-aide-greg-kelly-pleads-not-guilty-as-trial-opens-2295618
data/375,1,https://www.ndtv.com/world-news/australia-reports-no-coronavirus-deaths-for-first-time-in-two-months-2295593
data/376,1,https://www.ndtv.com/world-news/humpback-whale-takes-wrong-turn-ends-up-in-crocodile-infested-river-2295545
data/377,1,https://www.ndtv.com/world-news/mozambique-condemns-shooting-of-naked-woman-at-hands-of-fighters-2295542
data/378,1,https://www.ndtv.com/world-news/coronavirus-even-with-covid-19-cure-the-body-is-still-the-best-virus-killer-2295489
data/379,1,https://www.ndtv.com/world-news/outcry-after-woman-was-barred-from-paris-museum-until-she-covered-her-cleavage-2295460
data/380,1,https://www.ndtv.com/world-news/china-coronavirus-vaccine-may-be-ready-for-public-in-november-official-2295450
data/381,1,https://www.ndtv.com/world-news/donald-trump-vows-1-000-times-greater-response-to-any-iran-attack-2295438
data/382,1,https://www.ndtv.com/world-news/astrazeneca-covid-19-vaccine-trial-in-u-s-on-hold-until-at-least-midweek-report-2295424
data/383,1,https://www.ndtv.com/world-news/alarming-rates-of-transmission-of-virus-in-europe-who-2296958?News_Trending
data/384,1,https://www.ndtv.com/world-news/us-eases-china-travel-warning-citing-virus-progress-2295419
data/385,1,https://www.ndtv.com/world-news/us-elections-2020-kamala-harris-thought-of-mother-shyamala-gopalan-harris-when-joe-biden-chose-her-as-running-mate-2295413
data/386,1,https://www.ndtv.com/world-news/who-delivers-europe-death-warning-as-infections-hit-new-high-2295405
data/387,1,https://www.ndtv.com/world-news/us-government-receives-oracle-bid-for-tiktok-2295403
data/388,1,https://www.ndtv.com/world-news/donald-trump-dismisses-climate-concerns-as-he-visits-fire-ravaged-western-us-2295391
data/389,1,https://www.ndtv.com/world-news/us-puts-block-on-chinese-products-from-uighur-forced-labor-2295389
data/390,1,https://www.ndtv.com/world-news/sally-strengthens-to-hurricane-threatens-us-gulf-coast-as-rainmaker-2295387
data/391,1,https://www.ndtv.com/world-news/uk-begins-trials-of-new-antibody-treatment-for-covid-19-2295375
data/392,1,https://www.ndtv.com/world-news/us-spy-to-be-charged-with-terrorism-venezuela-2295371
data/393,1,https://www.ndtv.com/world-news/uae-allows-health-staff-to-take-emergency-covid-19-vaccine-still-under-trial-2295357
data/394,1,https://www.ndtv.com/world-news/computer-designed-antiviral-proteins-prevent-covid-19-in-us-lab-scientists-2295353
data/395,1,https://www.ndtv.com/world-news/chinese-virologist-li-meng-yan-claims-coronavirus-was-made-in-wuhan-lab-report-2295323
data/396,1,https://www.ndtv.com/world-news/shed-light-on-alexei-navalny-attempted-murder-emmanuel-macron-to-vladimir-putin-2295280
data/397,1,https://www.ndtv.com/world-news/amazon-to-hire-1-00-000-workers-in-us-this-year-2295196
data/398,1,https://www.ndtv.com/india-news/india-now-has-highest-number-of-covid-19-recoveries-in-world-report-2295138
data/399,1,https://www.ndtv.com/world-news/who-head-urges-rich-nations-to-join-vaccine-scheme-by-friday-deadline-2295087
data/400,1,https://www.ndtv.com/world-news/france-sweden-confirm-novichok-poisoning-in-alexei-navalny-case-germany-2295076
data/401,1,https://www.ndtv.com/world-news/us-ambassador-to-china-terry-branstad-stepping-down-2295063
data/402,1,https://www.ndtv.com/world-news/uk-reserves-up-to-190-million-doses-of-potential-coronavirus-vaccines-2295043
data/403,1,https://www.ndtv.com/world-news/japan-ruling-party-elects-yoshihide-suga-as-pm-successor-2295004
data/404,1,https://www.ndtv.com/world-news/october-november-to-be-tougher-with-more-coronavirus-deaths-who-europe-2294983
data/405,1,https://www.ndtv.com/world-news/who-reports-307-930-new-global-coronavirus-cases-record-one-day-rise-2294891
data/406,1,https://www.ndtv.com/world-news/donald-trump-cites-pm-modi-appreciation-in-covid-fight-44-million-tests-ahead-2294890
data/407,0,https://www.ndtv.com/world-news/microsoft-says-its-tiktok-buyout-offer-rejected-as-trumps-deadline-looms-2294879
data/408,1,https://www.ndtv.com/world-news/their-passion-led-me-to-where-i-am-today-kamala-harris-on-grandparents-2294869
data/409,1,https://www.ndtv.com/world-news/donald-trump-says-he-has-signed-new-executive-order-to-lower-drug-prices-2294864
data/410,1,https://www.ndtv.com/world-news/israel-announces-3-week-nationwide-lockdown-after-surge-in-covid-19-cases-2294862
data/411,1,https://www.ndtv.com/world-news/taliban-facing-new-afghanistan-women-negotiators-amid-peace-talks-2294854
data/412,1,https://www.ndtv.com/world-news/us-elections-2020-billionaire-michael-bloomberg-to-spend-100-million-in-florida-to-help-elect-joe-biden-2294807
data/413,1,https://www.ndtv.com/world-news/israel-top-model-bar-refaeli-sentenced-in-tax-evasion-case-2294799
data/414,1,https://www.ndtv.com/world-news/12-killed-due-to-landslides-in-nepal-at-least-21-missing-2294792
data/415,2,https://www.ndtv.com/world-news/coronavirus-photo-scientists-publish-images-of-coronavirus-infecting-respiratory-cells-2294780
data/416,1,https://www.ndtv.com/world-news/1-77-lakh-tourists-visit-nepal-in-first-8-months-of-2020-indians-top-list-2294705
data/417,1,https://www.ndtv.com/world-news/boeing-executives-defend-safety-decisions-on-737-max-development-2294619
data/418,1,https://www.ndtv.com/world-news/with-travel-limited-plane-cafes-take-off-in-thailand-2294616
data/419,1,https://www.ndtv.com/world-news/afghan-taliban-talks-to-begin-today-opportunity-to-peace-2294573
data/420,1,https://www.ndtv.com/world-news/smog-blankets-us-west-coast-as-deadly-wildfires-rage-2294571
data/421,1,https://www.ndtv.com/world-news/huge-dust-cloud-engulfs-buildings-as-turkey-capital-hit-by-freak-sandstorm-2294570
data/422,1,https://www.ndtv.com/world-news/us-brokered-deal-makes-bahrain-partner-to-israel-crimes-iran-2294560
data/423,1,https://www.ndtv.com/world-news/greek-pm-kyriakos-mitsotakis-announces-arms-purchases-as-turkey-tension-rises-2294522
data/424,1,https://www.ndtv.com/world-news/chinas-remote-sensing-optical-satellite-fails-to-reach-orbit-state-media-2294508
data/425,0,https://www.ndtv.com/world-news/oxford-covid-vaccine-trials-by-astrazeneca-paused-after-volunteer-fell-ill-resumes-with-green-light-from-uk-afp-2294461
data/426,1,https://www.ndtv.com/world-news/iran-former-top-judiciary-official-jailed-for-31-years-over-corruption-2294405
data/427,1,https://www.ndtv.com/world-news/us-maldives-sign-defence-cooperation-deal-amid-chinas-growing-presence-in-indian-ocean-2294373
data/428,1,https://www.ndtv.com/world-news/iranian-champion-wrestler-navid-afkari-executed-report-2294356
data/429,1,https://www.ndtv.com/world-news/barack-obama-photographer-pete-souzas-hyderabad-trip-makes-it-to-toronto-film-festival-2294346
data/430,1,https://www.ndtv.com/world-news/sri-lanka-navy-plugs-fuel-leak-on-fire-stricken-tanker-2294310
data/431,1,https://www.ndtv.com/world-news/us-hospitals-turn-down-remdesivir-limit-use-to-sickest-covid-19-patients-2294240
data/432,1,https://www.ndtv.com/world-news/un-adopts-coronavirus-response-resolution-us-votes-against-2294228
data/433,1,https://www.ndtv.com/world-news/earthquake-near-tokyo-japan-today-with-magnitude-6-0-earthquake-in-japan-2294221
data/434,1,https://www.ndtv.com/world-news/hundreds-of-homes-torched-in-us-wildfires-everything-is-gone-2294199
data/435,1,https://www.ndtv.com/world-news/donald-trump-boasted-of-saving-saudi-prince-over-jamal-khashoggi-killing-report-2294197
data/436,1,https://www.ndtv.com/world-news/al-qaeda-threatens-french-satirical-weekly-charlie-hebdo-for-republishing-prophet-mohammed-cartoons-report-2294162
data/437,1,https://www.ndtv.com/world-news/explosion-in-tehran-province-kills-1-damages-buildings-media-2294130
data/438,1,https://www.ndtv.com/world-news/jordon-blast-huge-blast-rocks-jordan-military-arms-depot-2294115
data/439,1,https://www.ndtv.com/world-news/coronavirus-french-prime-minister-jean-castex-says-country-witnessing-clear-worsening-of-covid-19-outbreak-2294106
data/440,1,https://www.ndtv.com/world-news/us-secretary-of-state-mike-pompeo-pompeo-lands-in-qatar-for-landmark-afghan-peace-talks-2294089
data/441,1,https://www.ndtv.com/world-news/russian-police-seek-to-question-navalny-in-germany-2294050
data/442,1,https://www.ndtv.com/world-news/beijing-to-impose-restrictions-on-all-us-diplomats-in-china-2294029
data/443,1,https://www.ndtv.com/world-news/afghan-government-negotiators-leave-for-peace-talks-with-taliban-official-2293996
data/444,1,https://www.ndtv.com/world-news/france-sweden-confirm-novichok-poisoning-in-alexei-navalny-case-germany-2295076#ndtv_nextstory
data/445,1,https://www.ndtv.com/world-news/uk-reserves-up-to-190-million-doses-of-potential-coronavirus-vaccines-2295043#ndtv_prevstory
data/446,1,https://www.ndtv.com/entertainment/khaali-peeli-ananya-panday-sums-up-her-experience-of-working-with-ishaan-khatter-in-one-word-see-her-rofl-post-2297137
data/447,1,https://www.ndtv.com/delhi-news/coronavirus-delhi-lawyer-fined-for-not-wearing-mask-while-driving-alone-files-case-2297136
data/448,1,https://www.ndtv.com/india-news/centre-permits-up-to-74-per-cent-fdi-under-automatic-route-in-defence-sector-2297135
data/449,1,https://www.ndtv.com/delhi-news/on-duty-delhi-traffic-cop-run-over-by-truck-2297134
data/450,1,https://www.ndtv.com/india-news/too-little-too-late-amarinder-singhs-take-on-harsimrat-kaurs-resignation-2297132
data/451,1,https://www.ndtv.com/world-news/us-ambassador-to-china-terry-branstad-stepping-down-2295063#ndtv_nextstory
data/452,1,https://www.ndtv.com/world-news/japan-ruling-party-elects-yoshihide-suga-as-pm-successor-2295004#ndtv_prevstory
data/453,1,https://www.ndtv.com/india-news/gujarat-cop-suspended-after-wife-is-caught-using-seized-car-2297141
data/454,1,https://www.ndtv.com/mumbai-news/mumbai-extends-covid-19-curbs-till-september-30-no-new-restrictions-2297140
data/455,1,https://www.ndtv.com/world-news/uk-reserves-up-to-190-million-doses-of-potential-coronavirus-vaccines-2295043#ndtv_nextstory
data/456,1,https://www.ndtv.com/world-news/october-november-to-be-tougher-with-more-coronavirus-deaths-who-europe-2294983#ndtv_prevstory
data/457,1,https://www.ndtv.com/world-news/japan-ruling-party-elects-yoshihide-suga-as-pm-successor-2295004#ndtv_nextstory
data/458,1,https://www.ndtv.com/world-news/who-reports-307-930-new-global-coronavirus-cases-record-one-day-rise-2294891#ndtv_prevstory
data/459,1,https://www.ndtv.com/world-news/october-november-to-be-tougher-with-more-coronavirus-deaths-who-europe-2294983#ndtv_nextstory
data/460,1,https://www.ndtv.com/world-news/donald-trump-cites-pm-modi-appreciation-in-covid-fight-44-million-tests-ahead-2294890#ndtv_prevstory
data/461,1,https://www.ndtv.com/world-news/who-reports-307-930-new-global-coronavirus-cases-record-one-day-rise-2294891#ndtv_nextstory
data/462,0,https://www.ndtv.com/world-news/microsoft-says-its-tiktok-buyout-offer-rejected-as-trumps-deadline-looms-2294879#ndtv_prevstory
data/463,1,https://www.ndtv.com/world-news/donald-trump-cites-pm-modi-appreciation-in-covid-fight-44-million-tests-ahead-2294890#ndtv_nextstory
data/464,1,https://www.ndtv.com/world-news/their-passion-led-me-to-where-i-am-today-kamala-harris-on-grandparents-2294869#ndtv_prevstory
data/465,0,https://www.ndtv.com/world-news/microsoft-says-its-tiktok-buyout-offer-rejected-as-trumps-deadline-looms-2294879#ndtv_nextstory
data/466,1,https://www.ndtv.com/world-news/donald-trump-says-he-has-signed-new-executive-order-to-lower-drug-prices-2294864#ndtv_prevstory
data/467,1,https://www.ndtv.com/world-news/their-passion-led-me-to-where-i-am-today-kamala-harris-on-grandparents-2294869#ndtv_nextstory
data/468,1,https://www.ndtv.com/world-news/israel-announces-3-week-nationwide-lockdown-after-surge-in-covid-19-cases-2294862#ndtv_prevstory
data/469,0,https://www.ndtv.com/world-news/donald-trump-says-he-has-signed-new-executive-order-to-lower-drug-prices-2294864#ndtv_nextstory
data/470,1,https://www.ndtv.com/world-news/taliban-facing-new-afghanistan-women-negotiators-amid-peace-talks-2294854#ndtv_prevstory
data/471,1,https://www.ndtv.com/world-news/israel-announces-3-week-nationwide-lockdown-after-surge-in-covid-19-cases-2294862#ndtv_nextstory
data/472,1,https://www.ndtv.com/world-news/us-elections-2020-billionaire-michael-bloomberg-to-spend-100-million-in-florida-to-help-elect-joe-biden-2294807#ndtv_prevstory
